employee_id,name,email,department,team,manager,joining_date,experience,skills,role,salary_band,github_username,jira_username,meeting_attendance,performance_rating
EMP-001,Allison Hill,allison.hill@novatech.com,Management,Executive,CEO,2016-06-22,16 years,"[""Leadership"", ""Business Strategy"", ""Enterprise SaaS"", ""Public Speaking""]",Chief Executive Officer,L5 ($400k-$600k),allisonhill-ceo,allisonhill,0.95,Outstanding
EMP-002,Noah Rhodes,noah.rhodes@novatech.com,Backend Engineering,Leadership,EMP-001,2019-08-08,15 years,"[""Redis"", ""PostgreSQL"", ""SQL"", ""Java"", ""Management"", ""Agile""]",Director of Backend Engineering,L4 ($200k-$250k),noahrhodes-nt,noahrhodes,0.96,Exceeds Expectations
EMP-003,Angie Henderson,angie.henderson@novatech.com,Frontend Engineering,Leadership,EMP-001,2018-10-22,13 years,"[""React"", ""GraphQL"", ""TypeScript"", ""HTML"", ""Management"", ""Agile""]",Director of Frontend Engineering,L4 ($190k-$240k),angiehenderson-nt,angiehenderson,0.92,Exceeds Expectations
EMP-004,Daniel Wagner,daniel.wagner@novatech.com,Platform Engineering,Leadership,EMP-001,2018-11-06,11 years,"[""S3"", ""Cassandra"", ""Linux"", ""Docker"", ""Management"", ""Agile""]",Director of Platform Engineering,L4 ($210k-$260k),danielwagner-nt,danielwagner,0.94,Meets Expectations
EMP-005,Cristian Santos,cristian.santos@novatech.com,AI Research,Leadership,EMP-001,2018-07-02,10 years,"[""TensorFlow"", ""Neural Networks"", ""Machine Learning"", ""LLMs"", ""Management"", ""Agile""]",Director of AI Research,L4 ($230k-$300k),cristiansantos-nt,cristiansantos,0.91,Meets Expectations
EMP-006,Connie Lawrence,connie.lawrence@novatech.com,DevOps,Leadership,EMP-001,2019-06-29,10 years,"[""GitHub Actions"", ""Kubernetes"", ""Elasticsearch"", ""Linux"", ""Management"", ""Agile""]",Director of DevOps,L4 ($200k-$250k),connielawrence-nt,connielawrence,0.95,Exceeds Expectations
EMP-007,Abigail Shaffer,abigail.shaffer@novatech.com,Security,Leadership,EMP-001,2018-08-12,13 years,"[""Docker Security"", ""OAuth2"", ""Penetration Testing"", ""Cryptography"", ""Management"", ""Agile""]",Director of Security,L4 ($215k-$265k),abigailshaffer-nt,abigailshaffer,0.94,Meets Expectations
EMP-008,Gina Moore,gina.moore@novatech.com,Product,Leadership,EMP-001,2018-10-29,11 years,"[""User Research"", ""Product Strategy"", ""Roadmapping"", ""Customer Feedback Analysis"", ""Management"", ""Agile""]",VP of Product,L4 ($220k-$280k),ginamoore-nt,ginamoore,0.96,Exceeds Expectations
EMP-009,Gabrielle Davis,gabrielle.davis@novatech.com,Customer Success,Leadership,EMP-001,2018-06-09,11 years,"[""SQL"", ""Customer Relations"", ""Communication"", ""Salesforce"", ""Management"", ""Agile""]",Director of Customer Success,L3 ($110k-$140k),gabrielledavis-nt,gabrielledavis,0.94,Meets Expectations
EMP-010,Ryan Munoz,ryan.munoz@novatech.com,Backend Engineering,Core Commerce,EMP-002,2020-03-24,8 years,"[""Kafka"", ""PostgreSQL"", ""Cassandra"", ""Redis"", ""Python"", ""Java""]",Core Commerce Lead,L3 ($150k-$190k),ryanmunoz-dev,ryanmunoz,0.9,Exceeds Expectations
EMP-011,Monica Herrera,monica.herrera@novatech.com,Backend Engineering,Payments Platform,EMP-002,2020-03-24,9 years,"[""Docker"", ""Redis"", ""Cassandra"", ""Microservices"", ""PostgreSQL"", ""Kafka""]",Payments Platform Lead,L3 ($150k-$190k),monicaherrera-dev,monicaherrera,0.93,Exceeds Expectations
EMP-012,Jamie Arnold,jamie.arnold@novatech.com,Backend Engineering,CRM Backend,EMP-002,2020-02-19,6 years,"[""Elasticsearch"", ""Kafka"", ""Docker"", ""Redis"", ""Python"", ""PostgreSQL""]",CRM Backend Lead,L3 ($150k-$190k),jamiearnold-dev,jamiearnold,0.94,Needs Improvement
EMP-013,Lisa Hensley,lisa.hensley@novatech.com,Backend Engineering,Storage Engine,EMP-002,2019-06-14,8 years,"[""PostgreSQL"", ""Cassandra"", ""gRPC"", ""Docker"", ""SQL"", ""Java""]",Storage Engine Lead,L3 ($150k-$190k),lisahensley-dev,lisahensley,0.88,Exceeds Expectations
EMP-014,Michele Williams,michele.williams@novatech.com,Backend Engineering,ERP Core,EMP-002,2019-05-31,10 years,"[""Microservices"", ""Redis"", ""REST APIs"", ""Docker"", ""Cassandra"", ""Kafka""]",ERP Core Lead,L3 ($150k-$190k),michelewilliams-dev,michelewilliams,0.87,Exceeds Expectations
EMP-015,Dylan Miller,dylan.miller@novatech.com,Frontend Engineering,Commerce Frontend,EMP-003,2019-09-29,9 years,"[""TypeScript"", ""React"", ""GraphQL"", ""JavaScript"", ""Electron"", ""Next.js""]",Commerce Frontend Lead,L3 ($145k-$180k),dylanmiller-dev,dylanmiller,0.92,Needs Improvement
EMP-016,Brian Ramirez,brian.ramirez@novatech.com,Frontend Engineering,Portal Frontend,EMP-003,2020-05-14,9 years,"[""Next.js"", ""TailwindCSS"", ""Angular"", ""Electron"", ""CSS"", ""Redux""]",Portal Frontend Lead,L3 ($145k-$180k),brianramirez-dev,brianramirez,0.94,Exceeds Expectations
EMP-017,Holly Wood,holly.wood@novatech.com,Frontend Engineering,CRM Web,EMP-003,2019-07-03,6 years,"[""Redux"", ""Electron"", ""CSS"", ""Vite"", ""TypeScript"", ""JavaScript""]",CRM Web Lead,L3 ($145k-$180k),hollywood-dev,hollywood,0.89,Meets Expectations
EMP-018,Derek Zuniga,derek.zuniga@novatech.com,Frontend Engineering,Desktop Sync Frontend,EMP-003,2020-06-14,8 years,"[""Electron"", ""JavaScript"", ""GraphQL"", ""TypeScript"", ""CSS"", ""Next.js""]",Desktop Sync Frontend Lead,L3 ($145k-$180k),derekzuniga-dev,derekzuniga,0.91,Needs Improvement
EMP-019,Lisa Jackson,lisa.jackson@novatech.com,Frontend Engineering,ERP UI,EMP-003,2020-03-06,7 years,"[""Vite"", ""JavaScript"", ""Electron"", ""TailwindCSS"", ""React"", ""CSS""]",ERP UI Lead,L3 ($145k-$180k),lisajackson-dev,lisajackson,0.88,Exceeds Expectations
EMP-020,Carla Gray,carla.gray@novatech.com,Platform Engineering,Infra Foundations,EMP-004,2020-04-19,8 years,"[""Istio"", ""Docker"", ""Kubernetes"", ""Cloud Security"", ""S3"", ""Cassandra""]",Infra Foundations Lead,L4 ($210k-$260k),carlagray-dev,carlagray,0.86,Meets Expectations
EMP-021,Margaret Hawkins DDS,margaret.hawkins.dds@novatech.com,Platform Engineering,Database Reliability,EMP-004,2020-05-11,10 years,"[""AWS"", ""S3"", ""CI/CD"", ""Cloud Security"", ""Cassandra"", ""Istio""]",Database Reliability Lead,L4 ($210k-$260k),margarethawkinsdds-dev,margarethawkinsdds,0.94,Meets Expectations
EMP-022,Patty Perez,patty.perez@novatech.com,Platform Engineering,Network Mesh,EMP-004,2020-02-28,10 years,"[""Docker"", ""Istio"", ""Linux"", ""Networking"", ""S3"", ""Cloud Security""]",Network Mesh Lead,L4 ($210k-$260k),pattyperez-dev,pattyperez,0.9,Exceeds Expectations
EMP-023,Ethan Adams,ethan.adams@novatech.com,AI Research,Vision Intelligence,EMP-005,2020-02-21,6 years,"[""Machine Learning"", ""Python"", ""Computer Vision"", ""CUDA"", ""LLMs"", ""PyTorch""]",Vision Intelligence Lead,L4 ($230k-$300k),ethanadams-dev,ethanadams,0.85,Needs Improvement
EMP-024,Tommy Walter,tommy.walter@novatech.com,AI Research,Training Pipelines,EMP-005,2019-07-28,6 years,"[""CUDA"", ""PyTorch"", ""Python"", ""Machine Learning"", ""Computer Vision"", ""LLMs""]",Training Pipelines Lead,L4 ($230k-$300k),tommywalter-dev,tommywalter,0.87,Needs Improvement
EMP-025,Matthew Foster,matthew.foster@novatech.com,DevOps,Developer Platform,EMP-006,2019-10-11,7 years,"[""Ansible"", ""Prometheus"", ""Linux"", ""Jenkins"", ""Grafana"", ""GitHub Actions""]",Developer Platform Lead,L4 ($200k-$250k),matthewfoster-dev,matthewfoster,0.9,Meets Expectations
EMP-026,Judy Baker,judy.baker@novatech.com,DevOps,Observability Operations,EMP-006,2020-03-10,6 years,"[""Kubernetes"", ""Python"", ""GitHub Actions"", ""Elasticsearch"", ""Linux"", ""Grafana""]",Observability Operations Lead,L4 ($200k-$250k),judybaker-dev,judybaker,0.9,Needs Improvement
EMP-027,Justin Baker,justin.baker@novatech.com,Security,SecOps,EMP-007,2020-05-19,6 years,"[""Cryptography"", ""IAM"", ""Vulnerability Auditing"", ""OIDC"", ""Docker Security"", ""OAuth2""]",SecOps Lead,L3 ($160k-$200k),justinbaker-dev,justinbaker,0.87,Needs Improvement
EMP-028,Stephanie Ross,stephanie.ross@novatech.com,Security,Identity & Access Management,EMP-007,2019-10-30,7 years,"[""IAM"", ""OIDC"", ""TLS/SSL"", ""Penetration Testing"", ""OAuth2"", ""Cryptography""]",Identity & Access Management Lead,L3 ($160k-$200k),stephanieross-dev,stephanieross,0.89,Needs Improvement
EMP-029,Zachary Hicks,zachary.hicks@novatech.com,Product,Commerce Product,EMP-008,2020-04-26,6 years,"[""Product Strategy"", ""Customer Feedback Analysis"", ""User Research"", ""Roadmapping"", ""Scrum"", ""Data Analytics""]",Commerce Product Lead,L3 ($155k-$195k),zacharyhicks-dev,zacharyhicks,0.9,Meets Expectations
EMP-030,Anthony Rodriguez,anthony.rodriguez@novatech.com,Product,FinTech Product,EMP-008,2020-05-16,7 years,"[""A/B Testing"", ""Product Strategy"", ""Scrum"", ""Agile"", ""Roadmapping"", ""User Research""]",FinTech Product Lead,L3 ($155k-$195k),anthonyrodriguez-dev,anthonyrodriguez,0.89,Needs Improvement
EMP-031,Rebecca Henderson,rebecca.henderson@novatech.com,Product,SaaS Analytics Product,EMP-008,2019-09-05,9 years,"[""Agile"", ""User Research"", ""Customer Feedback Analysis"", ""A/B Testing"", ""Product Strategy"", ""Roadmapping""]",SaaS Analytics Product Lead,L3 ($155k-$195k),rebeccahenderson-dev,rebeccahenderson,0.92,Exceeds Expectations
EMP-032,James Ferrell,james.ferrell@novatech.com,Customer Success,Enterprise Support Team A,EMP-009,2019-05-30,8 years,"[""Customer Relations"", ""SQL"", ""Conflict Resolution"", ""Communication"", ""Salesforce"", ""SLA Management""]",Enterprise Support Team A Lead,L3 ($110k-$140k),jamesferrell-dev,jamesferrell,0.86,Needs Improvement
EMP-033,Tricia Valencia,tricia.valencia@novatech.com,Customer Success,Enterprise Support Team B,EMP-009,2020-05-05,7 years,"[""Customer Relations"", ""Conflict Resolution"", ""SQL"", ""Technical Troubleshooting"", ""Communication"", ""SLA Management""]",Enterprise Support Team B Lead,L3 ($110k-$140k),triciavalencia-dev,triciavalencia,0.94,Needs Improvement
EMP-034,Nathan Maldonado,nathan.maldonado@novatech.com,AI Research,Vision Intelligence,EMP-023,2024-06-22,5 years,"[""LLMs"", ""CUDA"", ""Machine Learning"", ""scikit-learn"", ""TensorFlow""]",AI Researcher,L2 ($120k-$150k),nathanmaldonado-nt,nathanmaldonado,0.83,Meets Expectations
EMP-035,Debra Davidson,debra.davidson@novatech.com,Customer Success,Enterprise Support Team B,EMP-033,2025-03-20,6 years,"[""Communication"", ""Conflict Resolution"", ""SLA Management"", ""Customer Relations"", ""SQL""]",Senior CS Manager,L3 ($110k-$140k),debradavidson-nt,debradavidson,0.86,Meets Expectations
EMP-036,Jeffrey Chavez,jeffrey.chavez@novatech.com,Platform Engineering,Database Reliability,EMP-021,2025-12-10,4 years,"[""Networking"", ""Istio"", ""AWS"", ""CI/CD"", ""Linux""]",Site Reliability Engineer,L2 ($115k-$145k),jeffreychavez-nt,jeffreychavez,0.86,Meets Expectations
EMP-037,Sherri Baker,sherri.baker@novatech.com,Backend Engineering,ERP Core,EMP-014,2022-09-06,6 years,"[""Java"", ""Redis"", ""Python"", ""Cassandra"", ""Microservices""]",Senior Backend Engineer,L3 ($150k-$190k),sherribaker-nt,sherribaker,0.78,Meets Expectations
EMP-038,Cassandra Gaines,cassandra.gaines@novatech.com,AI Research,Training Pipelines,EMP-024,2022-02-21,8 years,"[""Computer Vision"", ""NLP"", ""LLMs"", ""Python"", ""scikit-learn""]",Senior AI Researcher,L3 ($165k-$210k),cassandragaines-nt,cassandragaines,0.88,Meets Expectations
EMP-039,Elizabeth Fowler,elizabeth.fowler@novatech.com,Backend Engineering,Core Commerce,EMP-010,2022-11-15,5 years,"[""Java"", ""SQL"", ""gRPC"", ""Microservices"", ""Docker""]",Backend Engineer,L2 ($110k-$140k),elizabethfowler-nt,elizabethfowler,0.86,Exceeds Expectations
EMP-040,Brittany Farmer,brittany.farmer@novatech.com,Frontend Engineering,Portal Frontend,EMP-016,2024-01-23,2 years,"[""TailwindCSS"", ""Electron"", ""JavaScript"", ""Next.js"", ""GraphQL""]",Junior Frontend Engineer,L1 ($75k-$95k),brittanyfarmer-nt,brittanyfarmer,0.76,Meets Expectations
EMP-041,Paula Moreno,paula.moreno@novatech.com,Backend Engineering,CRM Backend,EMP-012,2022-03-07,3 years,"[""Kafka"", ""Microservices"", ""Docker"", ""REST APIs"", ""Java""]",Backend Engineer,L2 ($110k-$140k),paulamoreno-nt,paulamoreno,0.94,Meets Expectations
EMP-042,Fred Smith,fred.smith@novatech.com,Platform Engineering,Infra Foundations,EMP-020,2025-12-11,7 years,"[""Networking"", ""Linux"", ""Docker"", ""Istio"", ""Terraform""]",Senior SRE,L3 ($155k-$195k),fredsmith-nt,fredsmith,0.91,Exceeds Expectations
EMP-043,Sherry Decker,sherry.decker@novatech.com,Product,Commerce Product,EMP-029,2025-10-25,4 years,"[""Customer Feedback Analysis"", ""Agile"", ""A/B Testing"", ""User Research"", ""Data Analytics""]",Product Manager,L2 ($115k-$145k),sherrydecker-nt,sherrydecker,0.75,Meets Expectations
EMP-044,Anthony Humphrey,anthony.humphrey@novatech.com,Product,FinTech Product,EMP-030,2022-07-25,5 years,"[""Roadmapping"", ""Customer Feedback Analysis"", ""Data Analytics"", ""Scrum"", ""Agile""]",Product Manager,L2 ($115k-$145k),anthonyhumphrey-nt,anthonyhumphrey,0.94,Exceeds Expectations
EMP-045,Angelica Tucker,angelica.tucker@novatech.com,DevOps,Developer Platform,EMP-025,2024-04-04,12 years,"[""Docker"", ""Kubernetes"", ""Linux"", ""GitHub Actions"", ""Elasticsearch""]",Principal DevOps Architect,L4 ($200k-$250k),angelicatucker-nt,angelicatucker,0.9,Meets Expectations
EMP-046,Philip Cannon,philip.cannon@novatech.com,Product,SaaS Analytics Product,EMP-031,2023-11-14,3 years,"[""Scrum"", ""Agile"", ""Product Strategy"", ""Customer Feedback Analysis"", ""Roadmapping""]",Associate Product Manager,L1 ($80k-$100k),philipcannon-nt,philipcannon,0.85,Meets Expectations
EMP-047,John Pierce,john.pierce@novatech.com,Security,Identity & Access Management,EMP-028,2021-05-24,8 years,"[""Vulnerability Auditing"", ""OAuth2"", ""Docker Security"", ""OIDC"", ""Security Compliance""]",Senior Security Engineer,L3 ($160k-$200k),johnpierce-nt,johnpierce,0.81,Needs Improvement
EMP-048,Shane Henderson,shane.henderson@novatech.com,Security,Identity & Access Management,EMP-028,2024-11-28,1 years,"[""Penetration Testing"", ""IAM"", ""Vulnerability Auditing"", ""Docker Security"", ""OAuth2""]",Security Analyst,L1 ($85k-$105k),shanehenderson-nt,shanehenderson,0.87,Meets Expectations
EMP-049,Joshua Blair,joshua.blair@novatech.com,Product,SaaS Analytics Product,EMP-031,2025-09-04,2 years,"[""Scrum"", ""Customer Feedback Analysis"", ""Data Analytics"", ""Roadmapping"", ""Agile""]",Associate Product Manager,L1 ($80k-$100k),joshuablair-nt,joshuablair,0.84,Needs Improvement
EMP-050,Eric Carney,eric.carney@novatech.com,AI Research,Training Pipelines,EMP-024,2025-06-14,15 years,"[""TensorFlow"", ""PyTorch"", ""LLMs"", ""Machine Learning"", ""Python""]",Principal AI Scientist,L4 ($230k-$300k),ericcarney-nt,ericcarney,0.91,Meets Expectations
EMP-051,Jessica Holmes,jessica.holmes@novatech.com,DevOps,Developer Platform,EMP-025,2025-07-10,3 years,"[""Docker"", ""Grafana"", ""Jenkins"", ""Kubernetes"", ""Linux""]",DevOps Engineer,L2 ($110k-$140k),jessicaholmes-nt,jessicaholmes,0.83,Meets Expectations
EMP-052,Danny Morgan,danny.morgan@novatech.com,Product,FinTech Product,EMP-030,2023-03-30,3 years,"[""Product Strategy"", ""A/B Testing"", ""Customer Feedback Analysis"", ""Scrum"", ""User Research""]",Associate Product Manager,L1 ($80k-$100k),dannymorgan-nt,dannymorgan,0.79,Needs Improvement
EMP-053,Crystal Robinson,crystal.robinson@novatech.com,Backend Engineering,ERP Core,EMP-014,2022-05-26,6 years,"[""gRPC"", ""Java"", ""Elasticsearch"", ""Microservices"", ""REST APIs""]",Senior Backend Engineer,L3 ($150k-$190k),crystalrobinson-nt,crystalrobinson,0.87,Needs Improvement
EMP-054,Mark Perez,mark.perez@novatech.com,Product,SaaS Analytics Product,EMP-031,2023-07-03,6 years,"[""Customer Feedback Analysis"", ""Agile"", ""User Research"", ""A/B Testing"", ""Scrum""]",Product Manager,L2 ($115k-$145k),markperez-nt,markperez,0.88,Meets Expectations
EMP-055,Shannon Jones,shannon.jones@novatech.com,Customer Success,Enterprise Support Team A,EMP-032,2025-01-01,2 years,"[""Salesforce"", ""SQL"", ""Conflict Resolution"", ""Customer Relations"", ""Communication""]",CS Associate,L1 ($55k-$75k),shannonjones-nt,shannonjones,0.78,Needs Improvement
EMP-056,Michael Lewis,michael.lewis@novatech.com,Platform Engineering,Network Mesh,EMP-022,2022-03-15,6 years,"[""Networking"", ""Cassandra"", ""CI/CD"", ""Linux"", ""Kubernetes""]",Site Reliability Engineer,L2 ($115k-$145k),michaellewis-nt,michaellewis,0.79,Needs Improvement
EMP-057,Timothy Duncan,timothy.duncan@novatech.com,Product,SaaS Analytics Product,EMP-031,2024-11-25,3 years,"[""A/B Testing"", ""Scrum"", ""Product Strategy"", ""Agile"", ""Data Analytics""]",Associate Product Manager,L1 ($80k-$100k),timothyduncan-nt,timothyduncan,0.9,Needs Improvement
EMP-058,Richard Aguirre,richard.aguirre@novatech.com,AI Research,Training Pipelines,EMP-024,2022-03-26,6 years,"[""Python"", ""Neural Networks"", ""Machine Learning"", ""scikit-learn"", ""Computer Vision""]",AI Researcher,L2 ($120k-$150k),richardaguirre-nt,richardaguirre,0.78,Needs Improvement
EMP-059,Brent Jordan,brent.jordan@novatech.com,Platform Engineering,Network Mesh,EMP-022,2023-12-30,6 years,"[""Cloud Security"", ""S3"", ""Kubernetes"", ""Terraform"", ""Networking""]",Site Reliability Engineer,L2 ($115k-$145k),brentjordan-nt,brentjordan,0.84,Needs Improvement
EMP-060,John Daniel,john.daniel@novatech.com,Platform Engineering,Infra Foundations,EMP-020,2022-06-17,4 years,"[""CI/CD"", ""Networking"", ""Cloud Security"", ""Linux"", ""AWS""]",Site Reliability Engineer,L2 ($115k-$145k),johndaniel-nt,johndaniel,0.9,Needs Improvement
EMP-061,Victoria Garcia,victoria.garcia@novatech.com,DevOps,Developer Platform,EMP-025,2023-08-22,3 years,"[""Elasticsearch"", ""Grafana"", ""Kubernetes"", ""Docker"", ""Ansible""]",DevOps Engineer,L2 ($110k-$140k),victoriagarcia-nt,victoriagarcia,0.94,Meets Expectations
EMP-062,Gerald Hensley,gerald.hensley@novatech.com,Backend Engineering,ERP Core,EMP-014,2021-11-09,2 years,"[""Cassandra"", ""Python"", ""REST APIs"", ""PostgreSQL"", ""gRPC""]",Junior Backend Engineer,L1 ($80k-$100k),geraldhensley-nt,geraldhensley,0.89,Meets Expectations
EMP-063,Connor West,connor.west@novatech.com,Platform Engineering,Network Mesh,EMP-022,2024-05-28,15 years,"[""Terraform"", ""AWS"", ""Istio"", ""S3"", ""Cassandra""]",Staff SRE,L4 ($210k-$260k),connorwest-nt,connorwest,0.76,Meets Expectations
EMP-064,Donald Wright,donald.wright@novatech.com,Product,FinTech Product,EMP-030,2025-01-04,3 years,"[""Scrum"", ""Product Strategy"", ""Roadmapping"", ""Agile"", ""A/B Testing""]",Associate Product Manager,L1 ($80k-$100k),donaldwright-nt,donaldwright,0.91,Exceeds Expectations
EMP-065,Jessica Callahan,jessica.callahan@novatech.com,Security,Identity & Access Management,EMP-028,2024-09-16,3 years,"[""Vulnerability Auditing"", ""Cryptography"", ""IAM"", ""Penetration Testing"", ""Docker Security""]",Security Analyst,L1 ($85k-$105k),jessicacallahan-nt,jessicacallahan,0.77,Meets Expectations
EMP-066,Amber Kidd,amber.kidd@novatech.com,Customer Success,Enterprise Support Team A,EMP-032,2023-06-11,3 years,"[""SLA Management"", ""Salesforce"", ""Conflict Resolution"", ""Communication"", ""Technical Troubleshooting""]",CS Associate,L1 ($55k-$75k),amberkidd-nt,amberkidd,0.84,Meets Expectations
EMP-067,Tracy House,tracy.house@novatech.com,Security,SecOps,EMP-027,2025-08-29,8 years,"[""TLS/SSL"", ""Penetration Testing"", ""IAM"", ""Docker Security"", ""Security Compliance""]",Senior Security Engineer,L3 ($160k-$200k),tracyhouse-nt,tracyhouse,0.87,Needs Improvement
EMP-068,Carol Tucker,carol.tucker@novatech.com,Security,SecOps,EMP-027,2023-10-10,4 years,"[""TLS/SSL"", ""Penetration Testing"", ""OIDC"", ""IAM"", ""Vulnerability Auditing""]",Security Engineer,L2 ($115k-$145k),caroltucker-nt,caroltucker,0.81,Meets Expectations
EMP-069,James Brown,james.brown@novatech.com,Backend Engineering,ERP Core,EMP-014,2022-01-27,3 years,"[""Docker"", ""gRPC"", ""Microservices"", ""PostgreSQL"", ""SQL""]",Junior Backend Engineer,L1 ($80k-$100k),jamesbrown-nt,jamesbrown,0.88,Needs Improvement
EMP-070,William Baker,william.baker@novatech.com,Customer Success,Enterprise Support Team A,EMP-032,2021-07-10,2 years,"[""SLA Management"", ""Technical Troubleshooting"", ""Salesforce"", ""Conflict Resolution"", ""SQL""]",CS Associate,L1 ($55k-$75k),williambaker-nt,williambaker,0.86,Meets Expectations
EMP-071,Jordan Henderson,jordan.henderson@novatech.com,Product,SaaS Analytics Product,EMP-031,2024-02-02,3 years,"[""Customer Feedback Analysis"", ""Agile"", ""A/B Testing"", ""Roadmapping"", ""User Research""]",Associate Product Manager,L1 ($80k-$100k),jordanhenderson-nt,jordanhenderson,0.77,Meets Expectations
EMP-072,Whitney Peters,whitney.peters@novatech.com,Security,SecOps,EMP-027,2025-03-02,4 years,"[""Penetration Testing"", ""Docker Security"", ""Vulnerability Auditing"", ""TLS/SSL"", ""OIDC""]",Security Engineer,L2 ($115k-$145k),whitneypeters-nt,whitneypeters,0.89,Meets Expectations
EMP-073,Brittney Phillips,brittney.phillips@novatech.com,Frontend Engineering,Portal Frontend,EMP-016,2022-08-30,1 years,"[""CSS"", ""React"", ""Electron"", ""JavaScript"", ""GraphQL""]",Junior Frontend Engineer,L1 ($75k-$95k),brittneyphillips-nt,brittneyphillips,0.76,Exceeds Expectations
EMP-074,Lauren Daniels,lauren.daniels@novatech.com,DevOps,Developer Platform,EMP-025,2024-07-30,9 years,"[""Kubernetes"", ""Docker"", ""Linux"", ""Kibana"", ""Jenkins""]",Senior DevOps Engineer,L3 ($150k-$190k),laurendaniels-nt,laurendaniels,0.85,Meets Expectations
EMP-075,Amy Silva,amy.silva@novatech.com,Platform Engineering,Infra Foundations,EMP-020,2022-06-02,13 years,"[""Terraform"", ""S3"", ""Linux"", ""CI/CD"", ""Kubernetes""]",Staff SRE,L4 ($210k-$260k),amysilva-nt,amysilva,0.87,Exceeds Expectations
EMP-076,Sarah Moore,sarah.moore@novatech.com,Platform Engineering,Infra Foundations,EMP-020,2025-07-20,8 years,"[""Terraform"", ""Docker"", ""S3"", ""Linux"", ""Istio""]",Senior SRE,L3 ($155k-$195k),sarahmoore-nt,sarahmoore,0.87,Meets Expectations
EMP-077,Angela Lopez,angela.lopez@novatech.com,Product,FinTech Product,EMP-030,2023-06-26,3 years,"[""A/B Testing"", ""Agile"", ""Data Analytics"", ""Roadmapping"", ""Product Strategy""]",Associate Product Manager,L1 ($80k-$100k),angelalopez-nt,angelalopez,0.87,Exceeds Expectations
EMP-078,Megan Young,megan.young@novatech.com,AI Research,Vision Intelligence,EMP-023,2022-06-26,7 years,"[""CUDA"", ""TensorFlow"", ""Computer Vision"", ""PyTorch"", ""NLP""]",Senior AI Researcher,L3 ($165k-$210k),meganyoung-nt,meganyoung,0.75,Needs Improvement
EMP-079,Steve Sanchez,steve.sanchez@novatech.com,Customer Success,Enterprise Support Team B,EMP-033,2021-03-08,3 years,"[""Salesforce"", ""SLA Management"", ""Communication"", ""Customer Relations"", ""SQL""]",CS Associate,L1 ($55k-$75k),stevesanchez-nt,stevesanchez,0.8,Meets Expectations
EMP-080,Lisa Barnes,lisa.barnes@novatech.com,AI Research,Training Pipelines,EMP-024,2021-08-24,7 years,"[""LLMs"", ""TensorFlow"", ""PyTorch"", ""Python"", ""Computer Vision""]",Senior AI Researcher,L3 ($165k-$210k),lisabarnes-nt,lisabarnes,0.91,Meets Expectations
EMP-081,Kelly Donovan,kelly.donovan@novatech.com,Customer Success,Enterprise Support Team A,EMP-032,2023-08-18,6 years,"[""Salesforce"", ""Conflict Resolution"", ""SLA Management"", ""Communication"", ""Technical Troubleshooting""]",CS Manager,L2 ($80k-$105k),kellydonovan-nt,kellydonovan,0.77,Exceeds Expectations
EMP-082,Mike Allen,mike.allen@novatech.com,Product,SaaS Analytics Product,EMP-031,2022-10-23,3 years,"[""User Research"", ""Customer Feedback Analysis"", ""Roadmapping"", ""Data Analytics"", ""Product Strategy""]",Product Manager,L2 ($115k-$145k),mikeallen-nt,mikeallen,0.95,Meets Expectations
EMP-083,Michael Evans,michael.evans@novatech.com,Backend Engineering,Payments Platform,EMP-011,2023-08-22,6 years,"[""Redis"", ""Java"", ""REST APIs"", ""Docker"", ""gRPC""]",Backend Engineer,L2 ($110k-$140k),michaelevans-nt,michaelevans,0.94,Needs Improvement
EMP-084,Paul Jones,paul.jones@novatech.com,Security,Identity & Access Management,EMP-028,2022-11-14,1 years,"[""OIDC"", ""Vulnerability Auditing"", ""Penetration Testing"", ""TLS/SSL"", ""IAM""]",Security Analyst,L1 ($85k-$105k),pauljones-nt,pauljones,0.81,Needs Improvement
EMP-085,Zachary Ferrell,zachary.ferrell@novatech.com,Backend Engineering,Storage Engine,EMP-013,2021-06-30,2 years,"[""Python"", ""Docker"", ""Microservices"", ""Go"", ""Cassandra""]",Junior Backend Engineer,L1 ($80k-$100k),zacharyferrell-nt,zacharyferrell,0.84,Exceeds Expectations
EMP-086,Daniel Baker,daniel.baker@novatech.com,AI Research,Training Pipelines,EMP-024,2024-06-29,9 years,"[""Python"", ""CUDA"", ""LLMs"", ""TensorFlow"", ""NLP""]",Senior AI Researcher,L3 ($165k-$210k),danielbaker-nt,danielbaker,0.84,Needs Improvement
EMP-087,Shirley Suarez,shirley.suarez@novatech.com,Frontend Engineering,Commerce Frontend,EMP-015,2024-07-14,4 years,"[""GraphQL"", ""JavaScript"", ""CSS"", ""Electron"", ""React""]",Frontend Engineer,L2 ($105k-$135k),shirleysuarez-nt,shirleysuarez,0.86,Exceeds Expectations
EMP-088,Christopher Bass,christopher.bass@novatech.com,AI Research,Vision Intelligence,EMP-023,2023-08-04,15 years,"[""TensorFlow"", ""NLP"", ""LLMs"", ""Computer Vision"", ""CUDA""]",Principal AI Scientist,L4 ($230k-$300k),christopherbass-nt,christopherbass,0.92,Needs Improvement
EMP-089,Lisa Archer,lisa.archer@novatech.com,AI Research,Training Pipelines,EMP-024,2024-02-03,4 years,"[""scikit-learn"", ""Computer Vision"", ""TensorFlow"", ""PyTorch"", ""NumPy""]",AI Researcher,L2 ($120k-$150k),lisaarcher-nt,lisaarcher,0.9,Needs Improvement
EMP-090,Aimee Montoya,aimee.montoya@novatech.com,Security,Identity & Access Management,EMP-028,2025-08-08,3 years,"[""Security Compliance"", ""TLS/SSL"", ""IAM"", ""OAuth2"", ""Penetration Testing""]",Security Analyst,L1 ($85k-$105k),aimeemontoya-nt,aimeemontoya,0.86,Meets Expectations
EMP-091,Matthew Mcmillan,matthew.mcmillan@novatech.com,Security,Identity & Access Management,EMP-028,2023-07-22,7 years,"[""Penetration Testing"", ""IAM"", ""OAuth2"", ""Docker Security"", ""Cryptography""]",Senior Security Engineer,L3 ($160k-$200k),matthewmcmillan-nt,matthewmcmillan,0.81,Needs Improvement
EMP-092,Brian Rodriguez,brian.rodriguez@novatech.com,Product,FinTech Product,EMP-030,2024-09-21,4 years,"[""Customer Feedback Analysis"", ""Product Strategy"", ""User Research"", ""Data Analytics"", ""Agile""]",Product Manager,L2 ($115k-$145k),brianrodriguez-nt,brianrodriguez,0.92,Needs Improvement
EMP-093,Denise Jacobs,denise.jacobs@novatech.com,Frontend Engineering,ERP UI,EMP-019,2023-07-25,1 years,"[""Next.js"", ""Redux"", ""JavaScript"", ""TypeScript"", ""Angular""]",Junior Frontend Engineer,L1 ($75k-$95k),denisejacobs-nt,denisejacobs,0.91,Meets Expectations
EMP-094,Christina Walters,christina.walters@novatech.com,Security,Identity & Access Management,EMP-028,2024-08-23,2 years,"[""Docker Security"", ""IAM"", ""OIDC"", ""Vulnerability Auditing"", ""Penetration Testing""]",Security Analyst,L1 ($85k-$105k),christinawalters-nt,christinawalters,0.92,Exceeds Expectations
EMP-095,John Whitehead,john.whitehead@novatech.com,Frontend Engineering,Portal Frontend,EMP-016,2024-07-16,5 years,"[""HTML"", ""TypeScript"", ""Next.js"", ""Redux"", ""Electron""]",Frontend Engineer,L2 ($105k-$135k),johnwhitehead-nt,johnwhitehead,0.84,Meets Expectations
EMP-096,Anna Henderson,anna.henderson@novatech.com,Backend Engineering,Core Commerce,EMP-010,2022-10-27,5 years,"[""Kafka"", ""Elasticsearch"", ""Docker"", ""Java"", ""PostgreSQL""]",Backend Engineer,L2 ($110k-$140k),annahenderson-nt,annahenderson,0.86,Meets Expectations
EMP-097,Aaron Wise,aaron.wise@novatech.com,Platform Engineering,Infra Foundations,EMP-020,2021-06-11,9 years,"[""Cloud Security"", ""Docker"", ""CI/CD"", ""AWS"", ""Terraform""]",Senior SRE,L3 ($155k-$195k),aaronwise-nt,aaronwise,0.84,Meets Expectations
EMP-098,Deborah Figueroa,deborah.figueroa@novatech.com,Customer Success,Enterprise Support Team B,EMP-033,2024-09-27,2 years,"[""Salesforce"", ""SLA Management"", ""Conflict Resolution"", ""Technical Troubleshooting"", ""Customer Relations""]",CS Associate,L1 ($55k-$75k),deborahfigueroa-nt,deborahfigueroa,0.84,Meets Expectations
EMP-099,Jessica Smith,jessica.smith@novatech.com,DevOps,Observability Operations,EMP-026,2024-11-14,5 years,"[""Grafana"", ""GitHub Actions"", ""Jenkins"", ""Kubernetes"", ""Shell Scripting""]",DevOps Engineer,L2 ($110k-$140k),jessicasmith-nt,jessicasmith,0.83,Meets Expectations
EMP-100,Stephen Mckee,stephen.mckee@novatech.com,DevOps,Observability Operations,EMP-026,2021-02-14,15 years,"[""GitHub Actions"", ""Kibana"", ""Docker"", ""Linux"", ""Jenkins""]",Principal DevOps Architect,L4 ($200k-$250k),stephenmckee-nt,stephenmckee,0.92,Meets Expectations
EMP-101,Sandra Aguilar,sandra.aguilar@novatech.com,AI Research,Training Pipelines,EMP-024,2022-03-25,10 years,"[""LLMs"", ""TensorFlow"", ""PyTorch"", ""Python"", ""scikit-learn""]",Senior AI Researcher,L3 ($165k-$210k),sandraaguilar-nt,sandraaguilar,0.91,Exceeds Expectations
EMP-102,Cameron Parker,cameron.parker@novatech.com,Security,SecOps,EMP-027,2021-07-04,8 years,"[""IAM"", ""OIDC"", ""OAuth2"", ""Docker Security"", ""Security Compliance""]",Senior Security Engineer,L3 ($160k-$200k),cameronparker-nt,cameronparker,0.93,Meets Expectations
EMP-103,Rebecca Valencia,rebecca.valencia@novatech.com,DevOps,Developer Platform,EMP-025,2022-06-11,13 years,"[""Kibana"", ""Elasticsearch"", ""Kubernetes"", ""Jenkins"", ""Linux""]",Principal DevOps Architect,L4 ($200k-$250k),rebeccavalencia-nt,rebeccavalencia,0.78,Meets Expectations
EMP-104,Christine Wright,christine.wright@novatech.com,Product,SaaS Analytics Product,EMP-031,2023-01-20,2 years,"[""Product Strategy"", ""Agile"", ""Data Analytics"", ""Customer Feedback Analysis"", ""Scrum""]",Associate Product Manager,L1 ($80k-$100k),christinewright-nt,christinewright,0.82,Meets Expectations
EMP-105,Richard Henson,richard.henson@novatech.com,Product,SaaS Analytics Product,EMP-031,2023-01-31,1 years,"[""Customer Feedback Analysis"", ""Product Strategy"", ""Data Analytics"", ""Roadmapping"", ""Agile""]",Associate Product Manager,L1 ($80k-$100k),richardhenson-nt,richardhenson,0.93,Meets Expectations
EMP-106,Marc Moore,marc.moore@novatech.com,Frontend Engineering,Desktop Sync Frontend,EMP-018,2024-12-06,2 years,"[""TypeScript"", ""JavaScript"", ""React"", ""TailwindCSS"", ""CSS""]",Junior Frontend Engineer,L1 ($75k-$95k),marcmoore-nt,marcmoore,0.95,Exceeds Expectations
EMP-107,Sharon Cherry,sharon.cherry@novatech.com,Frontend Engineering,Portal Frontend,EMP-016,2025-12-23,6 years,"[""Angular"", ""Vite"", ""Electron"", ""Next.js"", ""JavaScript""]",Frontend Engineer,L2 ($105k-$135k),sharoncherry-nt,sharoncherry,0.93,Exceeds Expectations
EMP-108,Sierra Johnson,sierra.johnson@novatech.com,Customer Success,Enterprise Support Team B,EMP-033,2022-07-27,2 years,"[""Technical Troubleshooting"", ""Communication"", ""SLA Management"", ""SQL"", ""Conflict Resolution""]",CS Associate,L1 ($55k-$75k),sierrajohnson-nt,sierrajohnson,0.77,Meets Expectations
EMP-109,Evelyn Galvan,evelyn.galvan@novatech.com,Security,SecOps,EMP-027,2023-03-27,1 years,"[""TLS/SSL"", ""OAuth2"", ""Vulnerability Auditing"", ""Docker Security"", ""Security Compliance""]",Security Analyst,L1 ($85k-$105k),evelyngalvan-nt,evelyngalvan,0.94,Exceeds Expectations
EMP-110,Sharon Cochran,sharon.cochran@novatech.com,Security,SecOps,EMP-027,2021-09-15,4 years,"[""OAuth2"", ""Penetration Testing"", ""Security Compliance"", ""Docker Security"", ""Vulnerability Auditing""]",Security Engineer,L2 ($115k-$145k),sharoncochran-nt,sharoncochran,0.82,Meets Expectations
EMP-111,Richard Rodriguez,richard.rodriguez@novatech.com,Backend Engineering,CRM Backend,EMP-012,2025-10-25,7 years,"[""Microservices"", ""Redis"", ""Java"", ""Python"", ""Go""]",Senior Backend Engineer,L3 ($150k-$190k),richardrodriguez-nt,richardrodriguez,0.78,Meets Expectations
EMP-112,Shannon Walker,shannon.walker@novatech.com,AI Research,Training Pipelines,EMP-024,2021-02-02,3 years,"[""TensorFlow"", ""Neural Networks"", ""Computer Vision"", ""PyTorch"", ""Machine Learning""]",AI Researcher,L2 ($120k-$150k),shannonwalker-nt,shannonwalker,0.76,Needs Improvement
EMP-113,Julia Torres,julia.torres@novatech.com,Security,SecOps,EMP-027,2023-07-15,3 years,"[""Docker Security"", ""Security Compliance"", ""Penetration Testing"", ""Vulnerability Auditing"", ""Cryptography""]",Security Engineer,L2 ($115k-$145k),juliatorres-nt,juliatorres,0.76,Needs Improvement
EMP-114,Crystal Johnson,crystal.johnson@novatech.com,Product,FinTech Product,EMP-030,2024-11-06,3 years,"[""Customer Feedback Analysis"", ""Product Strategy"", ""A/B Testing"", ""Agile"", ""User Research""]",Associate Product Manager,L1 ($80k-$100k),crystaljohnson-nt,crystaljohnson,0.76,Meets Expectations
EMP-115,Garrett Lin,garrett.lin@novatech.com,Security,Identity & Access Management,EMP-028,2024-05-08,6 years,"[""Docker Security"", ""IAM"", ""Cryptography"", ""Vulnerability Auditing"", ""TLS/SSL""]",Security Engineer,L2 ($115k-$145k),garrettlin-nt,garrettlin,0.92,Meets Expectations
EMP-116,Diana May,diana.may@novatech.com,Product,FinTech Product,EMP-030,2025-12-24,2 years,"[""Customer Feedback Analysis"", ""Scrum"", ""A/B Testing"", ""Product Strategy"", ""Agile""]",Associate Product Manager,L1 ($80k-$100k),dianamay-nt,dianamay,0.84,Meets Expectations
EMP-117,William Herrera,william.herrera@novatech.com,Security,SecOps,EMP-027,2024-11-07,6 years,"[""OAuth2"", ""Docker Security"", ""Cryptography"", ""Penetration Testing"", ""IAM""]",Senior Security Engineer,L3 ($160k-$200k),williamherrera-nt,williamherrera,0.9,Meets Expectations
EMP-118,Ashley Waller,ashley.waller@novatech.com,Platform Engineering,Network Mesh,EMP-022,2021-05-03,10 years,"[""Cassandra"", ""Networking"", ""Terraform"", ""Linux"", ""AWS""]",Senior SRE,L3 ($155k-$195k),ashleywaller-nt,ashleywaller,0.92,Needs Improvement
EMP-119,Victor Baker,victor.baker@novatech.com,Backend Engineering,CRM Backend,EMP-012,2024-05-14,1 years,"[""REST APIs"", ""Microservices"", ""PostgreSQL"", ""Java"", ""gRPC""]",Junior Backend Engineer,L1 ($80k-$100k),victorbaker-nt,victorbaker,0.79,Exceeds Expectations
EMP-120,Jeffrey Chandler,jeffrey.chandler@novatech.com,Security,Identity & Access Management,EMP-028,2021-08-24,4 years,"[""IAM"", ""Cryptography"", ""Security Compliance"", ""Vulnerability Auditing"", ""OIDC""]",Security Engineer,L2 ($115k-$145k),jeffreychandler-nt,jeffreychandler,0.76,Meets Expectations
EMP-121,Larry Dixon,larry.dixon@novatech.com,DevOps,Observability Operations,EMP-026,2022-12-20,4 years,"[""Linux"", ""Python"", ""GitHub Actions"", ""Kubernetes"", ""Prometheus""]",DevOps Engineer,L2 ($110k-$140k),larrydixon-nt,larrydixon,0.9,Exceeds Expectations
EMP-122,Kenneth Scott,kenneth.scott@novatech.com,Frontend Engineering,ERP UI,EMP-019,2022-03-17,2 years,"[""Vite"", ""JavaScript"", ""GraphQL"", ""CSS"", ""TailwindCSS""]",Junior Frontend Engineer,L1 ($75k-$95k),kennethscott-nt,kennethscott,0.91,Exceeds Expectations
EMP-123,April Frost,april.frost@novatech.com,Backend Engineering,Payments Platform,EMP-011,2021-11-19,3 years,"[""Cassandra"", ""Python"", ""Redis"", ""gRPC"", ""Docker""]",Backend Engineer,L2 ($110k-$140k),aprilfrost-nt,aprilfrost,0.85,Needs Improvement
EMP-124,Michelle Harmon,michelle.harmon@novatech.com,Product,FinTech Product,EMP-030,2022-03-18,3 years,"[""Roadmapping"", ""Scrum"", ""Product Strategy"", ""Agile"", ""A/B Testing""]",Product Manager,L2 ($115k-$145k),michelleharmon-nt,michelleharmon,0.86,Meets Expectations
EMP-125,Helen Jones,helen.jones@novatech.com,Backend Engineering,Payments Platform,EMP-011,2023-03-21,6 years,"[""Go"", ""PostgreSQL"", ""Redis"", ""SQL"", ""Java""]",Senior Backend Engineer,L3 ($150k-$190k),helenjones-nt,helenjones,0.9,Meets Expectations
EMP-126,Erin Edwards,erin.edwards@novatech.com,Security,SecOps,EMP-027,2021-01-16,6 years,"[""OIDC"", ""Docker Security"", ""Penetration Testing"", ""Security Compliance"", ""OAuth2""]",Security Engineer,L2 ($115k-$145k),erinedwards-nt,erinedwards,0.85,Meets Expectations
EMP-127,Michelle Evans,michelle.evans@novatech.com,Frontend Engineering,Desktop Sync Frontend,EMP-018,2025-10-31,6 years,"[""React"", ""Angular"", ""TypeScript"", ""Vite"", ""Next.js""]",Frontend Engineer,L2 ($105k-$135k),michelleevans-nt,michelleevans,0.86,Needs Improvement
EMP-128,Jason Powell,jason.powell@novatech.com,DevOps,Developer Platform,EMP-025,2023-04-10,5 years,"[""Prometheus"", ""Linux"", ""Jenkins"", ""Elasticsearch"", ""Kubernetes""]",DevOps Engineer,L2 ($110k-$140k),jasonpowell-nt,jasonpowell,0.84,Exceeds Expectations
EMP-129,Cameron Fisher,cameron.fisher@novatech.com,AI Research,Training Pipelines,EMP-024,2024-04-21,6 years,"[""Neural Networks"", ""LLMs"", ""Machine Learning"", ""CUDA"", ""TensorFlow""]",Senior AI Researcher,L3 ($165k-$210k),cameronfisher-nt,cameronfisher,0.91,Exceeds Expectations
EMP-130,Megan Orr,megan.orr@novatech.com,Frontend Engineering,ERP UI,EMP-019,2023-11-11,2 years,"[""Vite"", ""Redux"", ""JavaScript"", ""HTML"", ""TypeScript""]",Junior Frontend Engineer,L1 ($75k-$95k),meganorr-nt,meganorr,0.78,Meets Expectations
EMP-131,Elizabeth Kelley,elizabeth.kelley@novatech.com,Platform Engineering,Network Mesh,EMP-022,2021-11-10,6 years,"[""AWS"", ""CI/CD"", ""Cloud Security"", ""Cassandra"", ""Networking""]",Senior SRE,L3 ($155k-$195k),elizabethkelley-nt,elizabethkelley,0.93,Meets Expectations
EMP-132,Dustin Jordan,dustin.jordan@novatech.com,Security,SecOps,EMP-027,2023-06-20,2 years,"[""Security Compliance"", ""Docker Security"", ""TLS/SSL"", ""Cryptography"", ""OIDC""]",Security Analyst,L1 ($85k-$105k),dustinjordan-nt,dustinjordan,0.85,Meets Expectations
EMP-133,Mary Marshall,mary.marshall@novatech.com,Customer Success,Enterprise Support Team B,EMP-033,2021-03-19,2 years,"[""Customer Relations"", ""SLA Management"", ""SQL"", ""Communication"", ""Technical Troubleshooting""]",CS Associate,L1 ($55k-$75k),marymarshall-nt,marymarshall,0.87,Exceeds Expectations
EMP-134,Daniel Kennedy,daniel.kennedy@novatech.com,Customer Success,Enterprise Support Team A,EMP-032,2022-10-21,4 years,"[""Customer Relations"", ""Communication"", ""SQL"", ""Salesforce"", ""SLA Management""]",CS Manager,L2 ($80k-$105k),danielkennedy-nt,danielkennedy,0.77,Meets Expectations
EMP-135,Rebecca Jackson,rebecca.jackson@novatech.com,Backend Engineering,Payments Platform,EMP-011,2024-12-20,6 years,"[""Microservices"", ""Elasticsearch"", ""REST APIs"", ""Java"", ""Kafka""]",Backend Engineer,L2 ($110k-$140k),rebeccajackson-nt,rebeccajackson,0.82,Meets Expectations
EMP-136,Jose Schultz,jose.schultz@novatech.com,Product,FinTech Product,EMP-030,2025-05-06,3 years,"[""Product Strategy"", ""A/B Testing"", ""Roadmapping"", ""Agile"", ""Customer Feedback Analysis""]",Associate Product Manager,L1 ($80k-$100k),joseschultz-nt,joseschultz,0.82,Needs Improvement
EMP-137,Robert Potter,robert.potter@novatech.com,DevOps,Observability Operations,EMP-026,2025-01-22,10 years,"[""Prometheus"", ""Elasticsearch"", ""Kubernetes"", ""Shell Scripting"", ""Python""]",Senior DevOps Engineer,L3 ($150k-$190k),robertpotter-nt,robertpotter,0.81,Needs Improvement
EMP-138,Courtney Gonzalez,courtney.gonzalez@novatech.com,Platform Engineering,Network Mesh,EMP-022,2024-12-22,12 years,"[""Cassandra"", ""Linux"", ""Networking"", ""AWS"", ""S3""]",Staff SRE,L4 ($210k-$260k),courtneygonzalez-nt,courtneygonzalez,0.89,Exceeds Expectations
EMP-139,David Alvarez,david.alvarez@novatech.com,Product,SaaS Analytics Product,EMP-031,2023-01-12,2 years,"[""Agile"", ""User Research"", ""Customer Feedback Analysis"", ""Scrum"", ""A/B Testing""]",Associate Product Manager,L1 ($80k-$100k),davidalvarez-nt,davidalvarez,0.8,Meets Expectations
EMP-140,Angel Perry,angel.perry@novatech.com,Platform Engineering,Infra Foundations,EMP-020,2022-08-29,6 years,"[""Cassandra"", ""S3"", ""Cloud Security"", ""Kubernetes"", ""Networking""]",Senior SRE,L3 ($155k-$195k),angelperry-nt,angelperry,0.82,Meets Expectations
EMP-141,Cheyenne Horton,cheyenne.horton@novatech.com,Product,Commerce Product,EMP-029,2021-11-29,3 years,"[""Agile"", ""Roadmapping"", ""Scrum"", ""Product Strategy"", ""A/B Testing""]",Associate Product Manager,L1 ($80k-$100k),cheyennehorton-nt,cheyennehorton,0.82,Meets Expectations
EMP-142,David Douglas Jr.,david.douglas.jr.@novatech.com,Customer Success,Enterprise Support Team B,EMP-033,2025-03-21,6 years,"[""Technical Troubleshooting"", ""Conflict Resolution"", ""SQL"", ""Salesforce"", ""SLA Management""]",CS Manager,L2 ($80k-$105k),daviddouglasjr.-nt,daviddouglasjr.,0.93,Meets Expectations
EMP-143,Patricia Rodriguez,patricia.rodriguez@novatech.com,Security,Identity & Access Management,EMP-028,2023-08-04,6 years,"[""Docker Security"", ""IAM"", ""OAuth2"", ""TLS/SSL"", ""Security Compliance""]",Security Engineer,L2 ($115k-$145k),patriciarodriguez-nt,patriciarodriguez,0.78,Meets Expectations
EMP-144,Christopher Rubio,christopher.rubio@novatech.com,Backend Engineering,Storage Engine,EMP-013,2025-11-26,1 years,"[""SQL"", ""Microservices"", ""Python"", ""Redis"", ""Cassandra""]",Junior Backend Engineer,L1 ($80k-$100k),christopherrubio-nt,christopherrubio,0.9,Meets Expectations
EMP-145,Amber Wright,amber.wright@novatech.com,Customer Success,Enterprise Support Team A,EMP-032,2025-08-29,4 years,"[""SQL"", ""Communication"", ""Salesforce"", ""Customer Relations"", ""Technical Troubleshooting""]",CS Manager,L2 ($80k-$105k),amberwright-nt,amberwright,0.76,Meets Expectations
EMP-146,Joyce Solis,joyce.solis@novatech.com,AI Research,Training Pipelines,EMP-024,2021-06-17,3 years,"[""Machine Learning"", ""PyTorch"", ""NumPy"", ""TensorFlow"", ""scikit-learn""]",AI Researcher,L2 ($120k-$150k),joycesolis-nt,joycesolis,0.76,Needs Improvement
EMP-147,Victoria Larson,victoria.larson@novatech.com,Platform Engineering,Network Mesh,EMP-022,2023-08-19,6 years,"[""Terraform"", ""Kubernetes"", ""Istio"", ""Docker"", ""Linux""]",Senior SRE,L3 ($155k-$195k),victorialarson-nt,victorialarson,0.78,Needs Improvement
EMP-148,Stephanie Salazar,stephanie.salazar@novatech.com,Frontend Engineering,CRM Web,EMP-017,2022-05-02,1 years,"[""HTML"", ""Next.js"", ""TailwindCSS"", ""Angular"", ""TypeScript""]",Junior Frontend Engineer,L1 ($75k-$95k),stephaniesalazar-nt,stephaniesalazar,0.77,Needs Improvement
EMP-149,Kathy Rivas,kathy.rivas@novatech.com,Backend Engineering,ERP Core,EMP-014,2024-03-23,1 years,"[""Redis"", ""Docker"", ""Go"", ""REST APIs"", ""Kafka""]",Junior Backend Engineer,L1 ($80k-$100k),kathyrivas-nt,kathyrivas,0.8,Needs Improvement
EMP-150,Stephanie Manning,stephanie.manning@novatech.com,Platform Engineering,Network Mesh,EMP-022,2024-09-30,5 years,"[""Terraform"", ""Cassandra"", ""Cloud Security"", ""Kubernetes"", ""Docker""]",Site Reliability Engineer,L2 ($115k-$145k),stephaniemanning-nt,stephaniemanning,0.92,Exceeds Expectations
EMP-151,David Wright,david.wright@novatech.com,Product,FinTech Product,EMP-030,2022-06-04,5 years,"[""User Research"", ""Agile"", ""Customer Feedback Analysis"", ""Product Strategy"", ""A/B Testing""]",Product Manager,L2 ($115k-$145k),davidwright-nt,davidwright,0.78,Meets Expectations
EMP-152,Pamela Boyd,pamela.boyd@novatech.com,Security,SecOps,EMP-027,2025-08-28,6 years,"[""TLS/SSL"", ""OIDC"", ""IAM"", ""OAuth2"", ""Cryptography""]",Security Engineer,L2 ($115k-$145k),pamelaboyd-nt,pamelaboyd,0.89,Needs Improvement
EMP-153,Denise Jones,denise.jones@novatech.com,Backend Engineering,CRM Backend,EMP-012,2022-02-17,1 years,"[""Go"", ""Kafka"", ""Redis"", ""Microservices"", ""Docker""]",Junior Backend Engineer,L1 ($80k-$100k),denisejones-nt,denisejones,0.95,Needs Improvement
EMP-154,Devon Flores,devon.flores@novatech.com,DevOps,Developer Platform,EMP-025,2025-03-23,8 years,"[""Elasticsearch"", ""Docker"", ""Shell Scripting"", ""Kibana"", ""Kubernetes""]",Senior DevOps Engineer,L3 ($150k-$190k),devonflores-nt,devonflores,0.91,Needs Improvement
EMP-155,Brenda Hall,brenda.hall@novatech.com,Product,SaaS Analytics Product,EMP-031,2023-06-20,6 years,"[""Roadmapping"", ""User Research"", ""Scrum"", ""Customer Feedback Analysis"", ""Agile""]",Product Manager,L2 ($115k-$145k),brendahall-nt,brendahall,0.93,Meets Expectations
EMP-156,Michelle Brown,michelle.brown@novatech.com,Frontend Engineering,Desktop Sync Frontend,EMP-018,2021-06-11,4 years,"[""Electron"", ""CSS"", ""Vite"", ""TypeScript"", ""GraphQL""]",Frontend Engineer,L2 ($105k-$135k),michellebrown-nt,michellebrown,0.82,Meets Expectations
EMP-157,Joshua Perry,joshua.perry@novatech.com,DevOps,Observability Operations,EMP-026,2024-05-19,7 years,"[""Shell Scripting"", ""Jenkins"", ""Elasticsearch"", ""Python"", ""Docker""]",Senior DevOps Engineer,L3 ($150k-$190k),joshuaperry-nt,joshuaperry,0.9,Meets Expectations
EMP-158,Jason Stein,jason.stein@novatech.com,Product,FinTech Product,EMP-030,2024-08-02,6 years,"[""User Research"", ""Roadmapping"", ""A/B Testing"", ""Scrum"", ""Agile""]",Senior Product Manager,L3 ($155k-$195k),jasonstein-nt,jasonstein,0.85,Meets Expectations
EMP-159,Melissa Gates,melissa.gates@novatech.com,Backend Engineering,Payments Platform,EMP-011,2025-10-05,6 years,"[""Go"", ""Java"", ""Python"", ""PostgreSQL"", ""Kafka""]",Backend Engineer,L2 ($110k-$140k),melissagates-nt,melissagates,0.82,Exceeds Expectations
EMP-160,Jamie Smith,jamie.smith@novatech.com,Platform Engineering,Network Mesh,EMP-022,2023-07-11,12 years,"[""CI/CD"", ""Terraform"", ""AWS"", ""Networking"", ""Docker""]",Staff SRE,L4 ($210k-$260k),jamiesmith-nt,jamiesmith,0.81,Meets Expectations
EMP-161,Paul Castaneda,paul.castaneda@novatech.com,AI Research,Vision Intelligence,EMP-023,2021-02-23,9 years,"[""Computer Vision"", ""Neural Networks"", ""NumPy"", ""PyTorch"", ""TensorFlow""]",Senior AI Researcher,L3 ($165k-$210k),paulcastaneda-nt,paulcastaneda,0.9,Needs Improvement
EMP-162,Jennifer Adkins,jennifer.adkins@novatech.com,AI Research,Training Pipelines,EMP-024,2024-11-22,13 years,"[""CUDA"", ""PyTorch"", ""TensorFlow"", ""scikit-learn"", ""NumPy""]",Principal AI Scientist,L4 ($230k-$300k),jenniferadkins-nt,jenniferadkins,0.78,Needs Improvement
EMP-163,Lindsey Walker,lindsey.walker@novatech.com,Frontend Engineering,CRM Web,EMP-017,2024-09-29,1 years,"[""Electron"", ""GraphQL"", ""CSS"", ""TailwindCSS"", ""JavaScript""]",Junior Frontend Engineer,L1 ($75k-$95k),lindseywalker-nt,lindseywalker,0.89,Meets Expectations
EMP-164,Jeffrey Johnson,jeffrey.johnson@novatech.com,Security,SecOps,EMP-027,2021-09-06,7 years,"[""Penetration Testing"", ""TLS/SSL"", ""Cryptography"", ""OIDC"", ""Security Compliance""]",Senior Security Engineer,L3 ($160k-$200k),jeffreyjohnson-nt,jeffreyjohnson,0.86,Needs Improvement
EMP-165,Michael Powell,michael.powell@novatech.com,Platform Engineering,Network Mesh,EMP-022,2025-12-16,5 years,"[""Linux"", ""CI/CD"", ""Cassandra"", ""S3"", ""Cloud Security""]",Site Reliability Engineer,L2 ($115k-$145k),michaelpowell-nt,michaelpowell,0.83,Exceeds Expectations
EMP-166,John Anderson,john.anderson@novatech.com,Platform Engineering,Database Reliability,EMP-021,2024-08-08,6 years,"[""S3"", ""Cassandra"", ""Networking"", ""AWS"", ""Linux""]",Site Reliability Engineer,L2 ($115k-$145k),johnanderson-nt,johnanderson,0.91,Meets Expectations
EMP-167,Alyssa Long,alyssa.long@novatech.com,Platform Engineering,Database Reliability,EMP-021,2023-10-27,10 years,"[""Terraform"", ""Cassandra"", ""AWS"", ""Istio"", ""S3""]",Staff SRE,L4 ($210k-$260k),alyssalong-nt,alyssalong,0.78,Meets Expectations
EMP-168,Alyssa Day,alyssa.day@novatech.com,Security,Identity & Access Management,EMP-028,2025-09-29,1 years,"[""Docker Security"", ""Security Compliance"", ""OAuth2"", ""Vulnerability Auditing"", ""OIDC""]",Security Analyst,L1 ($85k-$105k),alyssaday-nt,alyssaday,0.87,Exceeds Expectations
EMP-169,Joel Williams,joel.williams@novatech.com,Platform Engineering,Network Mesh,EMP-022,2024-04-04,5 years,"[""Cloud Security"", ""Kubernetes"", ""S3"", ""Terraform"", ""Cassandra""]",Site Reliability Engineer,L2 ($115k-$145k),joelwilliams-nt,joelwilliams,0.94,Meets Expectations
EMP-170,Daniel Murphy,daniel.murphy@novatech.com,AI Research,Training Pipelines,EMP-024,2024-06-19,9 years,"[""NumPy"", ""Computer Vision"", ""LLMs"", ""scikit-learn"", ""CUDA""]",Senior AI Researcher,L3 ($165k-$210k),danielmurphy-nt,danielmurphy,0.8,Needs Improvement
EMP-171,Jamie Walton,jamie.walton@novatech.com,DevOps,Observability Operations,EMP-026,2021-05-30,7 years,"[""Jenkins"", ""GitHub Actions"", ""Shell Scripting"", ""Linux"", ""Grafana""]",Senior DevOps Engineer,L3 ($150k-$190k),jamiewalton-nt,jamiewalton,0.82,Meets Expectations
EMP-172,Darlene Miller,darlene.miller@novatech.com,Security,Identity & Access Management,EMP-028,2025-02-12,8 years,"[""IAM"", ""OIDC"", ""Docker Security"", ""TLS/SSL"", ""Security Compliance""]",Senior Security Engineer,L3 ($160k-$200k),darlenemiller-nt,darlenemiller,0.86,Meets Expectations
EMP-173,Joshua Cooke,joshua.cooke@novatech.com,AI Research,Training Pipelines,EMP-024,2021-09-08,4 years,"[""TensorFlow"", ""PyTorch"", ""Python"", ""LLMs"", ""CUDA""]",AI Researcher,L2 ($120k-$150k),joshuacooke-nt,joshuacooke,0.92,Needs Improvement
EMP-174,Matthew Harrington,matthew.harrington@novatech.com,AI Research,Vision Intelligence,EMP-023,2025-07-25,5 years,"[""CUDA"", ""TensorFlow"", ""NLP"", ""Computer Vision"", ""NumPy""]",AI Researcher,L2 ($120k-$150k),matthewharrington-nt,matthewharrington,0.93,Needs Improvement
EMP-175,Nicole Herring,nicole.herring@novatech.com,Backend Engineering,Core Commerce,EMP-010,2023-03-17,4 years,"[""PostgreSQL"", ""REST APIs"", ""Kafka"", ""Go"", ""SQL""]",Backend Engineer,L2 ($110k-$140k),nicoleherring-nt,nicoleherring,0.81,Needs Improvement
EMP-176,Alex Hernandez,alex.hernandez@novatech.com,DevOps,Developer Platform,EMP-025,2025-10-02,4 years,"[""Kibana"", ""Elasticsearch"", ""GitHub Actions"", ""Python"", ""Docker""]",DevOps Engineer,L2 ($110k-$140k),alexhernandez-nt,alexhernandez,0.83,Meets Expectations
EMP-177,Michael Elliott,michael.elliott@novatech.com,Security,Identity & Access Management,EMP-028,2021-05-31,2 years,"[""Docker Security"", ""Security Compliance"", ""IAM"", ""TLS/SSL"", ""Vulnerability Auditing""]",Security Analyst,L1 ($85k-$105k),michaelelliott-nt,michaelelliott,0.77,Exceeds Expectations
EMP-178,Michael Wang,michael.wang@novatech.com,Product,FinTech Product,EMP-030,2025-06-16,10 years,"[""Roadmapping"", ""A/B Testing"", ""User Research"", ""Customer Feedback Analysis"", ""Scrum""]",Senior Product Manager,L3 ($155k-$195k),michaelwang-nt,michaelwang,0.85,Exceeds Expectations
EMP-179,Lawrence Adkins,lawrence.adkins@novatech.com,Backend Engineering,Payments Platform,EMP-011,2025-01-01,2 years,"[""Microservices"", ""gRPC"", ""Java"", ""REST APIs"", ""Elasticsearch""]",Junior Backend Engineer,L1 ($80k-$100k),lawrenceadkins-nt,lawrenceadkins,0.78,Meets Expectations
EMP-180,Robert Oconnell,robert.oconnell@novatech.com,Platform Engineering,Database Reliability,EMP-021,2024-06-16,8 years,"[""Cloud Security"", ""Networking"", ""Cassandra"", ""CI/CD"", ""S3""]",Senior SRE,L3 ($155k-$195k),robertoconnell-nt,robertoconnell,0.86,Needs Improvement
EMP-181,Alexander Collins,alexander.collins@novatech.com,Backend Engineering,CRM Backend,EMP-012,2022-11-10,6 years,"[""REST APIs"", ""Redis"", ""Cassandra"", ""Go"", ""gRPC""]",Backend Engineer,L2 ($110k-$140k),alexandercollins-nt,alexandercollins,0.8,Meets Expectations
EMP-182,Tina Sanders,tina.sanders@novatech.com,Backend Engineering,ERP Core,EMP-014,2023-09-11,3 years,"[""SQL"", ""REST APIs"", ""Docker"", ""Java"", ""PostgreSQL""]",Junior Backend Engineer,L1 ($80k-$100k),tinasanders-nt,tinasanders,0.76,Exceeds Expectations
EMP-183,Angela Vaughn,angela.vaughn@novatech.com,AI Research,Vision Intelligence,EMP-023,2023-06-23,4 years,"[""Neural Networks"", ""CUDA"", ""NumPy"", ""NLP"", ""Computer Vision""]",AI Researcher,L2 ($120k-$150k),angelavaughn-nt,angelavaughn,0.92,Exceeds Expectations
EMP-184,Ashley Barton,ashley.barton@novatech.com,Platform Engineering,Network Mesh,EMP-022,2022-03-01,9 years,"[""Cassandra"", ""Linux"", ""Networking"", ""AWS"", ""Docker""]",Senior SRE,L3 ($155k-$195k),ashleybarton-nt,ashleybarton,0.93,Meets Expectations
EMP-185,Lindsay Martinez,lindsay.martinez@novatech.com,Security,Identity & Access Management,EMP-028,2024-06-03,4 years,"[""Security Compliance"", ""Docker Security"", ""OAuth2"", ""OIDC"", ""Vulnerability Auditing""]",Security Engineer,L2 ($115k-$145k),lindsaymartinez-nt,lindsaymartinez,0.89,Needs Improvement
EMP-186,Dr. Hannah Patterson,dr..hannah.patterson@novatech.com,Security,Identity & Access Management,EMP-028,2022-12-16,5 years,"[""Security Compliance"", ""OAuth2"", ""Docker Security"", ""Vulnerability Auditing"", ""IAM""]",Security Engineer,L2 ($115k-$145k),dr.hannahpatterson-nt,dr.hannahpatterson,0.83,Needs Improvement
EMP-187,Jonathan Peterson,jonathan.peterson@novatech.com,Security,SecOps,EMP-027,2022-08-18,3 years,"[""OAuth2"", ""Vulnerability Auditing"", ""Penetration Testing"", ""TLS/SSL"", ""OIDC""]",Security Analyst,L1 ($85k-$105k),jonathanpeterson-nt,jonathanpeterson,0.9,Meets Expectations
EMP-188,Samantha Garcia,samantha.garcia@novatech.com,AI Research,Training Pipelines,EMP-024,2024-02-26,7 years,"[""PyTorch"", ""scikit-learn"", ""CUDA"", ""Computer Vision"", ""Python""]",Senior AI Researcher,L3 ($165k-$210k),samanthagarcia-nt,samanthagarcia,0.88,Meets Expectations
EMP-189,Madison Poole,madison.poole@novatech.com,AI Research,Vision Intelligence,EMP-023,2021-07-25,9 years,"[""PyTorch"", ""TensorFlow"", ""Python"", ""scikit-learn"", ""CUDA""]",Senior AI Researcher,L3 ($165k-$210k),madisonpoole-nt,madisonpoole,0.88,Needs Improvement
EMP-190,Jessica Gross,jessica.gross@novatech.com,Customer Success,Enterprise Support Team A,EMP-032,2025-03-29,8 years,"[""Salesforce"", ""SLA Management"", ""Customer Relations"", ""Conflict Resolution"", ""SQL""]",Senior CS Manager,L3 ($110k-$140k),jessicagross-nt,jessicagross,0.86,Exceeds Expectations
EMP-191,Debra Morton,debra.morton@novatech.com,Platform Engineering,Database Reliability,EMP-021,2025-12-12,6 years,"[""Linux"", ""CI/CD"", ""AWS"", ""Istio"", ""Kubernetes""]",Senior SRE,L3 ($155k-$195k),debramorton-nt,debramorton,0.75,Exceeds Expectations
EMP-192,Karen Graham,karen.graham@novatech.com,Security,Identity & Access Management,EMP-028,2023-07-20,10 years,"[""Docker Security"", ""TLS/SSL"", ""OAuth2"", ""Security Compliance"", ""Penetration Testing""]",Senior Security Engineer,L3 ($160k-$200k),karengraham-nt,karengraham,0.8,Exceeds Expectations
EMP-193,Debra Christian,debra.christian@novatech.com,Security,SecOps,EMP-027,2025-02-06,5 years,"[""OIDC"", ""Cryptography"", ""Vulnerability Auditing"", ""Docker Security"", ""IAM""]",Security Engineer,L2 ($115k-$145k),debrachristian-nt,debrachristian,0.86,Meets Expectations
EMP-194,Angelica Keith,angelica.keith@novatech.com,Platform Engineering,Network Mesh,EMP-022,2025-10-20,9 years,"[""Linux"", ""Cassandra"", ""Networking"", ""Terraform"", ""Docker""]",Senior SRE,L3 ($155k-$195k),angelicakeith-nt,angelicakeith,0.88,Meets Expectations
EMP-195,John Bishop,john.bishop@novatech.com,Platform Engineering,Database Reliability,EMP-021,2022-10-25,10 years,"[""Istio"", ""Linux"", ""Docker"", ""CI/CD"", ""Cloud Security""]",Staff SRE,L4 ($210k-$260k),johnbishop-nt,johnbishop,0.8,Meets Expectations
EMP-196,Allen Rosales,allen.rosales@novatech.com,DevOps,Developer Platform,EMP-025,2022-06-20,7 years,"[""Docker"", ""Python"", ""Kubernetes"", ""Jenkins"", ""Kibana""]",Senior DevOps Engineer,L3 ($150k-$190k),allenrosales-nt,allenrosales,0.78,Meets Expectations
EMP-197,Daniel Salinas,daniel.salinas@novatech.com,Frontend Engineering,CRM Web,EMP-017,2023-01-23,4 years,"[""JavaScript"", ""Angular"", ""GraphQL"", ""Redux"", ""Vite""]",Frontend Engineer,L2 ($105k-$135k),danielsalinas-nt,danielsalinas,0.83,Needs Improvement
EMP-198,Spencer Haynes,spencer.haynes@novatech.com,AI Research,Vision Intelligence,EMP-023,2024-10-25,6 years,"[""Computer Vision"", ""NLP"", ""NumPy"", ""Machine Learning"", ""Python""]",Senior AI Researcher,L3 ($165k-$210k),spencerhaynes-nt,spencerhaynes,0.93,Exceeds Expectations
EMP-199,Adam Vaughan,adam.vaughan@novatech.com,Backend Engineering,ERP Core,EMP-014,2023-11-02,3 years,"[""Java"", ""Elasticsearch"", ""Kafka"", ""Microservices"", ""gRPC""]",Junior Backend Engineer,L1 ($80k-$100k),adamvaughan-nt,adamvaughan,0.77,Meets Expectations
EMP-200,Nathan Freeman,nathan.freeman@novatech.com,Customer Success,Enterprise Support Team A,EMP-032,2023-11-12,3 years,"[""Communication"", ""Technical Troubleshooting"", ""Conflict Resolution"", ""SQL"", ""SLA Management""]",CS Manager,L2 ($80k-$105k),nathanfreeman-nt,nathanfreeman,0.86,Needs Improvement
EMP-201,Melissa Brewer,melissa.brewer@novatech.com,DevOps,Developer Platform,EMP-025,2023-03-22,3 years,"[""Shell Scripting"", ""Grafana"", ""Linux"", ""Kubernetes"", ""Docker""]",DevOps Engineer,L2 ($110k-$140k),melissabrewer-nt,melissabrewer,0.83,Exceeds Expectations
EMP-202,Ricky Davis II,ricky.davis.ii@novatech.com,Backend Engineering,Core Commerce,EMP-010,2023-08-25,2 years,"[""Java"", ""Elasticsearch"", ""Cassandra"", ""Docker"", ""Kafka""]",Junior Backend Engineer,L1 ($80k-$100k),rickydavisii-nt,rickydavisii,0.95,Needs Improvement
EMP-203,Elizabeth Perkins,elizabeth.perkins@novatech.com,Customer Success,Enterprise Support Team B,EMP-033,2023-02-09,3 years,"[""SQL"", ""Conflict Resolution"", ""Technical Troubleshooting"", ""Salesforce"", ""Customer Relations""]",CS Associate,L1 ($55k-$75k),elizabethperkins-nt,elizabethperkins,0.79,Needs Improvement
EMP-204,Joseph Coleman,joseph.coleman@novatech.com,Platform Engineering,Network Mesh,EMP-022,2022-04-02,6 years,"[""Istio"", ""CI/CD"", ""Cassandra"", ""Linux"", ""S3""]",Senior SRE,L3 ($155k-$195k),josephcoleman-nt,josephcoleman,0.83,Meets Expectations
EMP-205,Erin Warner,erin.warner@novatech.com,AI Research,Training Pipelines,EMP-024,2022-12-10,4 years,"[""PyTorch"", ""Python"", ""Neural Networks"", ""scikit-learn"", ""NumPy""]",AI Researcher,L2 ($120k-$150k),erinwarner-nt,erinwarner,0.79,Exceeds Expectations
EMP-206,David Martinez,david.martinez@novatech.com,Backend Engineering,Storage Engine,EMP-013,2024-05-09,3 years,"[""PostgreSQL"", ""SQL"", ""Go"", ""Docker"", ""gRPC""]",Backend Engineer,L2 ($110k-$140k),davidmartinez-nt,davidmartinez,0.8,Meets Expectations
EMP-207,Bryan Herrera,bryan.herrera@novatech.com,Backend Engineering,Payments Platform,EMP-011,2023-10-29,7 years,"[""SQL"", ""REST APIs"", ""Kafka"", ""Elasticsearch"", ""Cassandra""]",Senior Backend Engineer,L3 ($150k-$190k),bryanherrera-nt,bryanherrera,0.8,Meets Expectations
EMP-208,Cathy Robinson,cathy.robinson@novatech.com,AI Research,Training Pipelines,EMP-024,2022-09-08,4 years,"[""NumPy"", ""Neural Networks"", ""Computer Vision"", ""NLP"", ""Python""]",AI Researcher,L2 ($120k-$150k),cathyrobinson-nt,cathyrobinson,0.94,Needs Improvement
EMP-209,Dr. William Warren,dr..william.warren@novatech.com,Security,Identity & Access Management,EMP-028,2023-04-17,2 years,"[""OIDC"", ""TLS/SSL"", ""OAuth2"", ""IAM"", ""Docker Security""]",Security Analyst,L1 ($85k-$105k),dr.williamwarren-nt,dr.williamwarren,0.92,Meets Expectations
EMP-210,Brian Lee,brian.lee@novatech.com,Customer Success,Enterprise Support Team A,EMP-032,2024-02-26,6 years,"[""Conflict Resolution"", ""SQL"", ""Technical Troubleshooting"", ""Communication"", ""Customer Relations""]",CS Manager,L2 ($80k-$105k),brianlee-nt,brianlee,0.8,Meets Expectations
EMP-211,Christopher Smith,christopher.smith@novatech.com,Frontend Engineering,Desktop Sync Frontend,EMP-018,2025-10-01,3 years,"[""GraphQL"", ""HTML"", ""React"", ""CSS"", ""Next.js""]",Junior Frontend Engineer,L1 ($75k-$95k),christophersmith-nt,christophersmith,0.88,Exceeds Expectations
EMP-212,Denise Mccann,denise.mccann@novatech.com,Frontend Engineering,Portal Frontend,EMP-016,2025-07-06,4 years,"[""Angular"", ""HTML"", ""Vite"", ""CSS"", ""React""]",Frontend Engineer,L2 ($105k-$135k),denisemccann-nt,denisemccann,0.79,Meets Expectations
EMP-213,Melissa Martinez,melissa.martinez@novatech.com,Frontend Engineering,Desktop Sync Frontend,EMP-018,2022-05-12,4 years,"[""Next.js"", ""HTML"", ""Electron"", ""Vite"", ""CSS""]",Frontend Engineer,L2 ($105k-$135k),melissamartinez-nt,melissamartinez,0.83,Meets Expectations
EMP-214,Katherine Salas,katherine.salas@novatech.com,DevOps,Observability Operations,EMP-026,2023-01-07,9 years,"[""Jenkins"", ""Kubernetes"", ""Shell Scripting"", ""Elasticsearch"", ""Grafana""]",Senior DevOps Engineer,L3 ($150k-$190k),katherinesalas-nt,katherinesalas,0.82,Needs Improvement
EMP-215,Julie Alexander,julie.alexander@novatech.com,Backend Engineering,ERP Core,EMP-014,2025-11-05,1 years,"[""Go"", ""Redis"", ""Microservices"", ""REST APIs"", ""Docker""]",Junior Backend Engineer,L1 ($80k-$100k),juliealexander-nt,juliealexander,0.81,Meets Expectations
EMP-216,Anthony Everett,anthony.everett@novatech.com,Security,SecOps,EMP-027,2023-02-17,4 years,"[""TLS/SSL"", ""Vulnerability Auditing"", ""OIDC"", ""Penetration Testing"", ""Docker Security""]",Security Engineer,L2 ($115k-$145k),anthonyeverett-nt,anthonyeverett,0.84,Meets Expectations
EMP-217,Rodney Morales,rodney.morales@novatech.com,Platform Engineering,Infra Foundations,EMP-020,2025-01-15,7 years,"[""Cassandra"", ""Kubernetes"", ""S3"", ""Cloud Security"", ""Linux""]",Senior SRE,L3 ($155k-$195k),rodneymorales-nt,rodneymorales,0.92,Exceeds Expectations
EMP-218,Mark Brown,mark.brown@novatech.com,Backend Engineering,Storage Engine,EMP-013,2021-10-09,4 years,"[""Python"", ""SQL"", ""Java"", ""Go"", ""PostgreSQL""]",Backend Engineer,L2 ($110k-$140k),markbrown-nt,markbrown,0.85,Meets Expectations
EMP-219,Justin Torres,justin.torres@novatech.com,Backend Engineering,ERP Core,EMP-014,2024-07-30,6 years,"[""Cassandra"", ""gRPC"", ""Go"", ""Elasticsearch"", ""Microservices""]",Backend Engineer,L2 ($110k-$140k),justintorres-nt,justintorres,0.86,Exceeds Expectations
EMP-220,Bailey Duran DDS,bailey.duran.dds@novatech.com,Backend Engineering,ERP Core,EMP-014,2025-01-19,2 years,"[""Go"", ""Microservices"", ""Cassandra"", ""Docker"", ""Java""]",Junior Backend Engineer,L1 ($80k-$100k),baileydurandds-nt,baileydurandds,0.77,Exceeds Expectations
EMP-221,Courtney Mills,courtney.mills@novatech.com,Platform Engineering,Infra Foundations,EMP-020,2022-01-29,8 years,"[""Networking"", ""Istio"", ""Linux"", ""Terraform"", ""AWS""]",Senior SRE,L3 ($155k-$195k),courtneymills-nt,courtneymills,0.94,Needs Improvement
EMP-222,Jeremy Dalton,jeremy.dalton@novatech.com,AI Research,Vision Intelligence,EMP-023,2022-09-07,6 years,"[""NumPy"", ""Python"", ""PyTorch"", ""Neural Networks"", ""CUDA""]",Senior AI Researcher,L3 ($165k-$210k),jeremydalton-nt,jeremydalton,0.83,Needs Improvement
EMP-223,Elizabeth Oliver DDS,elizabeth.oliver.dds@novatech.com,Backend Engineering,Core Commerce,EMP-010,2024-12-10,2 years,"[""Docker"", ""Cassandra"", ""Kafka"", ""REST APIs"", ""Python""]",Junior Backend Engineer,L1 ($80k-$100k),elizabetholiverdds-nt,elizabetholiverdds,0.93,Exceeds Expectations
EMP-224,Theresa Clark,theresa.clark@novatech.com,AI Research,Vision Intelligence,EMP-023,2025-11-13,10 years,"[""NLP"", ""LLMs"", ""Python"", ""PyTorch"", ""Machine Learning""]",Senior AI Researcher,L3 ($165k-$210k),theresaclark-nt,theresaclark,0.94,Exceeds Expectations
EMP-225,Matthew Moore,matthew.moore@novatech.com,Platform Engineering,Database Reliability,EMP-021,2021-02-02,14 years,"[""AWS"", ""Linux"", ""Terraform"", ""Istio"", ""Cassandra""]",Staff SRE,L4 ($210k-$260k),matthewmoore-nt,matthewmoore,0.86,Needs Improvement
EMP-226,Benjamin Smith,benjamin.smith@novatech.com,Security,Identity & Access Management,EMP-028,2025-03-28,3 years,"[""Docker Security"", ""Vulnerability Auditing"", ""Cryptography"", ""IAM"", ""Penetration Testing""]",Security Engineer,L2 ($115k-$145k),benjaminsmith-nt,benjaminsmith,0.8,Exceeds Expectations
EMP-227,Kirk Carter,kirk.carter@novatech.com,Security,Identity & Access Management,EMP-028,2025-05-04,3 years,"[""Security Compliance"", ""TLS/SSL"", ""Penetration Testing"", ""OAuth2"", ""OIDC""]",Security Analyst,L1 ($85k-$105k),kirkcarter-nt,kirkcarter,0.86,Needs Improvement
EMP-228,Michael Warner,michael.warner@novatech.com,Product,Commerce Product,EMP-029,2024-10-24,6 years,"[""User Research"", ""A/B Testing"", ""Data Analytics"", ""Agile"", ""Customer Feedback Analysis""]",Product Manager,L2 ($115k-$145k),michaelwarner-nt,michaelwarner,0.89,Exceeds Expectations
EMP-229,Michael Bradshaw,michael.bradshaw@novatech.com,DevOps,Developer Platform,EMP-025,2023-02-18,7 years,"[""Shell Scripting"", ""GitHub Actions"", ""Elasticsearch"", ""Linux"", ""Kubernetes""]",Senior DevOps Engineer,L3 ($150k-$190k),michaelbradshaw-nt,michaelbradshaw,0.77,Meets Expectations
EMP-230,Lori Guerrero,lori.guerrero@novatech.com,Customer Success,Enterprise Support Team B,EMP-033,2025-04-09,1 years,"[""Customer Relations"", ""Technical Troubleshooting"", ""Communication"", ""Conflict Resolution"", ""Salesforce""]",CS Associate,L1 ($55k-$75k),loriguerrero-nt,loriguerrero,0.86,Needs Improvement
EMP-231,Jessica Stephens,jessica.stephens@novatech.com,Frontend Engineering,Commerce Frontend,EMP-015,2021-07-03,1 years,"[""TailwindCSS"", ""GraphQL"", ""Vite"", ""Next.js"", ""React""]",Junior Frontend Engineer,L1 ($75k-$95k),jessicastephens-nt,jessicastephens,0.81,Needs Improvement
EMP-232,Susan Serrano,susan.serrano@novatech.com,Frontend Engineering,ERP UI,EMP-019,2022-05-13,4 years,"[""Redux"", ""Next.js"", ""JavaScript"", ""TailwindCSS"", ""CSS""]",Frontend Engineer,L2 ($105k-$135k),susanserrano-nt,susanserrano,0.81,Needs Improvement
EMP-233,Christopher Parker,christopher.parker@novatech.com,Platform Engineering,Infra Foundations,EMP-020,2021-12-09,9 years,"[""Istio"", ""CI/CD"", ""Terraform"", ""Networking"", ""AWS""]",Senior SRE,L3 ($155k-$195k),christopherparker-nt,christopherparker,0.94,Needs Improvement
EMP-234,Laura Roberts,laura.roberts@novatech.com,AI Research,Training Pipelines,EMP-024,2021-08-08,3 years,"[""Neural Networks"", ""Machine Learning"", ""NumPy"", ""scikit-learn"", ""CUDA""]",AI Researcher,L2 ($120k-$150k),lauraroberts-nt,lauraroberts,0.82,Meets Expectations
EMP-235,Michael Lyons,michael.lyons@novatech.com,DevOps,Observability Operations,EMP-026,2024-05-20,11 years,"[""Jenkins"", ""Elasticsearch"", ""Prometheus"", ""GitHub Actions"", ""Python""]",Principal DevOps Architect,L4 ($200k-$250k),michaellyons-nt,michaellyons,0.81,Needs Improvement
EMP-236,Kathryn Snyder,kathryn.snyder@novatech.com,AI Research,Training Pipelines,EMP-024,2023-02-10,6 years,"[""Machine Learning"", ""PyTorch"", ""CUDA"", ""TensorFlow"", ""NumPy""]",AI Researcher,L2 ($120k-$150k),kathrynsnyder-nt,kathrynsnyder,0.9,Exceeds Expectations
EMP-237,Andrew Reynolds,andrew.reynolds@novatech.com,Customer Success,Enterprise Support Team A,EMP-032,2023-06-17,3 years,"[""SQL"", ""Communication"", ""SLA Management"", ""Technical Troubleshooting"", ""Salesforce""]",CS Manager,L2 ($80k-$105k),andrewreynolds-nt,andrewreynolds,0.81,Meets Expectations
EMP-238,David Davis,david.davis@novatech.com,Platform Engineering,Network Mesh,EMP-022,2023-05-17,6 years,"[""CI/CD"", ""Cloud Security"", ""S3"", ""Linux"", ""Istio""]",Senior SRE,L3 ($155k-$195k),daviddavis-nt,daviddavis,0.85,Needs Improvement
EMP-239,Sara Johnston,sara.johnston@novatech.com,Backend Engineering,CRM Backend,EMP-012,2024-12-07,3 years,"[""Python"", ""PostgreSQL"", ""Cassandra"", ""Kafka"", ""Java""]",Backend Engineer,L2 ($110k-$140k),sarajohnston-nt,sarajohnston,0.88,Exceeds Expectations
EMP-240,Yvonne Chambers,yvonne.chambers@novatech.com,Product,FinTech Product,EMP-030,2025-06-19,3 years,"[""User Research"", ""Agile"", ""Customer Feedback Analysis"", ""Data Analytics"", ""Roadmapping""]",Product Manager,L2 ($115k-$145k),yvonnechambers-nt,yvonnechambers,0.84,Needs Improvement
EMP-241,Andrew Avila,andrew.avila@novatech.com,Customer Success,Enterprise Support Team A,EMP-032,2022-12-08,9 years,"[""Customer Relations"", ""Salesforce"", ""Communication"", ""SQL"", ""Conflict Resolution""]",Senior CS Manager,L3 ($110k-$140k),andrewavila-nt,andrewavila,0.92,Meets Expectations
EMP-242,Matthew Moon,matthew.moon@novatech.com,Security,Identity & Access Management,EMP-028,2022-12-04,4 years,"[""Docker Security"", ""TLS/SSL"", ""OIDC"", ""Penetration Testing"", ""Cryptography""]",Security Engineer,L2 ($115k-$145k),matthewmoon-nt,matthewmoon,0.84,Needs Improvement
EMP-243,Kevin Walters,kevin.walters@novatech.com,Security,SecOps,EMP-027,2022-09-07,3 years,"[""OAuth2"", ""Cryptography"", ""IAM"", ""OIDC"", ""TLS/SSL""]",Security Analyst,L1 ($85k-$105k),kevinwalters-nt,kevinwalters,0.89,Meets Expectations
EMP-244,Brandon Bailey MD,brandon.bailey.md@novatech.com,AI Research,Vision Intelligence,EMP-023,2024-02-05,6 years,"[""NLP"", ""CUDA"", ""Neural Networks"", ""TensorFlow"", ""PyTorch""]",AI Researcher,L2 ($120k-$150k),brandonbaileymd-nt,brandonbaileymd,0.88,Needs Improvement
EMP-245,Shannon Rivera,shannon.rivera@novatech.com,Product,Commerce Product,EMP-029,2025-02-19,4 years,"[""Customer Feedback Analysis"", ""Data Analytics"", ""Scrum"", ""Roadmapping"", ""Product Strategy""]",Product Manager,L2 ($115k-$145k),shannonrivera-nt,shannonrivera,0.89,Meets Expectations
EMP-246,Donna Landry,donna.landry@novatech.com,DevOps,Developer Platform,EMP-025,2024-03-28,4 years,"[""Elasticsearch"", ""Shell Scripting"", ""Grafana"", ""Jenkins"", ""Kubernetes""]",DevOps Engineer,L2 ($110k-$140k),donnalandry-nt,donnalandry,0.8,Needs Improvement
EMP-247,Krista Gibson,krista.gibson@novatech.com,Security,Identity & Access Management,EMP-028,2024-06-05,1 years,"[""Vulnerability Auditing"", ""Docker Security"", ""IAM"", ""Penetration Testing"", ""Security Compliance""]",Security Analyst,L1 ($85k-$105k),kristagibson-nt,kristagibson,0.78,Meets Expectations
EMP-248,Frank Cordova,frank.cordova@novatech.com,Frontend Engineering,Portal Frontend,EMP-016,2022-10-04,2 years,"[""TypeScript"", ""JavaScript"", ""Vite"", ""Redux"", ""Next.js""]",Junior Frontend Engineer,L1 ($75k-$95k),frankcordova-nt,frankcordova,0.83,Meets Expectations
EMP-249,Jose Travis,jose.travis@novatech.com,Product,FinTech Product,EMP-030,2022-01-16,4 years,"[""Agile"", ""Scrum"", ""Customer Feedback Analysis"", ""User Research"", ""Data Analytics""]",Product Manager,L2 ($115k-$145k),josetravis-nt,josetravis,0.81,Needs Improvement
EMP-250,Kimberly Gutierrez,kimberly.gutierrez@novatech.com,Backend Engineering,CRM Backend,EMP-012,2021-01-20,4 years,"[""Docker"", ""Microservices"", ""SQL"", ""gRPC"", ""Elasticsearch""]",Backend Engineer,L2 ($110k-$140k),kimberlygutierrez-nt,kimberlygutierrez,0.89,Needs Improvement
